"hero","loose"
"From Rio’s Slums, a Judo Champion Is Mining Olympic Gold","Nike Brand Chief Leaves Door Open to Sharapova After Doping Scandal"
"Jesse Owens, a Film Hero Once Again","Rolling Stones on YouTube Invite Cubans to Free Concert"
"The Latest: Clinton Tells Casino Workers She'll Be a Fighter","The Latest: No Madness, All Blowouts to Open Sweet 16"
"Review: ‘The Royale’ Harks Back to the Fighter Jack Johnson","Killers and Mr. Las Vegas to Open Splashy Strip Arena"
"Bill Tilden: A US Tennis Hero, but With a Morals Clause","Golf, More Golf: Nearly 50 Hours of Live TV for British Open"
"Review: In ‘Dark Horse,’ a Real-Life Steeplechase Champion Inspires a Town","Security Tightened in Paris for French Open"
"Curry Scores 31, Defending Champion Warriors Reach Game 6","Zalando Trials Same-Day Free Deliveries From Adidas Store"
"Muhammad Ali Evolved From a Blockbuster Fighter to a Country’s Conscience","US Open at a Glance"
"Muhammad Ali,' the Greatest,' Remembered as a True Champion","McGirt, Finau Among 6 US Open Players Added to Oakmont Field"
"Muhammad Ali: The Champion Who Never Sold Out","New Retractable Roof Ready for Start of US Open"
"Muhammad Ali Fans Pay Homage to Their Local Hero","An Easy Way to Stay Cool During Hot Weather Exercise"
"Massive Crowd Engulfs Cleveland, Champion Cavs at Parade","Year After Slam Bid at US Open, Williams Eyes No. 23, No. 1"
"5-Time NBA Champion Tim Duncan Retires After 19 Seasons","U.S. Open Today: The Rain? What About the Noise?"
"Palmer, America's First Commercial Hero","U.S. Open Quieted Those Calling for a Roof. Now It Faces a Louder Problem."
"‘Luke Cage’ Made Him a Fashion Hero","Fall Movie Release Schedule"
"Germany Has a New F1 Champion but Race in Doubt","Column: Youth Football a Defining Issue With No Easy Answers"
"The Fighter","Holiday Movie Release Schedule"
" ","Escaped Chibok Girls Overcome Doubts and Jealousy to Attend University"
" ","Escaped Chibok Girls Overcome Doubts and Jealousy to Attend University"
" ","Column: Will Selig's Entry Crack Open Door to Hall of Fame?"
" ","Williams Open to Bottas Move to Mercedes"
" ","A V.I.P. Nets Package Offered Free to The Times"
